date,net_pnl,total_volume,trades,profit_rate,sentiment,cumulative_net_pnl,greed_flag
2023-05-01,0.0,477.0,3,0.0,Greed,0.0,1
2023-12-05,0.0,50005.83,9,0.0,Extreme Greed,0.0,1
2023-12-14,-205.43473700000007,113203.35,11,0.36363636363636365,Greed,-205.43473700000007,1
2023-12-15,-24.632033999999997,10609.95,2,0.0,Greed,-230.06677100000007,1
2023-12-16,0.0,15348.77,3,0.0,Greed,-230.06677100000007,1
2023-12-17,304.982785,116278.02,14,0.5,Greed,74.9160139999999,1
2023-12-18,0.0,31164.179999999997,2,0.0,Greed,74.9160139999999,1
2023-12-19,1000.5386120000001,91602.41,15,0.6666666666666666,Greed,1075.454626,1
2023-12-20,162.732282,141636.79,18,0.4444444444444444,Greed,1238.186908,1
2023-12-21,537.211402,125233.97,49,0.5306122448979592,Greed,1775.39831,1
2023-12-22,141.832675,88874.28,10,0.2,Greed,1917.2309850000001,1
2023-12-23,146.936704,78438.25,13,0.6153846153846154,Greed,2064.1676890000003,1
2023-12-24,1008.619956,402954.94,39,0.38461538461538464,Greed,3072.7876450000003,1
2023-12-25,-245.081348,59948.51,3,0.0,Greed,2827.706297,1
2023-12-27,-704.8892269999999,171411.06,28,0.14285714285714285,Greed,2122.81707,1
2023-12-28,-970.730876,100117.25,23,0.0,Greed,1152.086194,1
2023-12-29,508.92214299999995,569559.72,50,0.3,Greed,1661.008337,1
2023-12-30,354.998648,702550.21,52,0.4423076923076923,Greed,2016.006985,1
2024-01-01,-129.53146,264239.52999999997,18,0.05555555555555555,Greed,1886.475525,1
2024-01-02,783.979116,121348.74,17,0.47058823529411764,Greed,2670.4546410000003,1
2024-01-03,866.015507,394499.36,67,0.417910447761194,Greed,3536.4701480000003,1
2024-01-04,-67.60364,99792.54000000001,5,0.0,Greed,3468.8665080000005,1
2024-01-05,164.141565,1703942.66,66,0.19696969696969696,Greed,3633.0080730000004,1
2024-01-06,135.58166400000002,298521.4,22,0.45454545454545453,Greed,3768.5897370000002,1
2024-01-07,-835.681235,1048850.06,97,0.09278350515463918,Greed,2932.908502,1
2024-01-08,-269.874439,1522452.43,128,0.25,Greed,2663.034063,1
2024-01-09,-826.349863,870051.97,70,0.2571428571428571,Extreme Greed,1836.6842000000001,1
2024-01-10,-1517.091342,2057479.48,193,0.21243523316062177,Greed,319.5928580000002,1
2024-01-11,-164.08950099999998,305314.1,21,0.23809523809523808,Extreme Greed,155.50335700000022,1
2024-01-12,-1925.519024,200082.27,7,0.0,Greed,-1770.0156669999997,1
2024-01-15,152.85358,50636.1,14,0.6428571428571429,Neutral,-1617.1620869999997,0
2024-01-16,-2299.171458,116427.33,9,0.3333333333333333,Greed,-3916.3335449999995,1
2024-01-17,813.2741110000001,800831.03,53,0.20754716981132076,Greed,-3103.0594339999993,1
2024-01-18,68.93319,424631.52999999997,46,0.06521739130434782,Greed,-3034.126243999999,1
2024-01-19,-385.419235,428428.97,48,0.125,Neutral,-3419.545478999999,0
2024-01-20,-146.57487000000003,1070090.51,106,0.14150943396226415,Neutral,-3566.120348999999,0
2024-01-21,266.58114600000005,103129.74,11,0.2727272727272727,Greed,-3299.539202999999,1
2024-01-22,1375.640959,337878.99,85,0.27058823529411763,Greed,-1923.8982439999988,1
2024-01-23,-369.2447299999998,414518.93000000005,45,0.24444444444444444,Neutral,-2293.1429739999985,0
2024-01-24,-2808.353815,965084.59,68,0.14705882352941177,Neutral,-5101.496788999999,0
2024-01-25,-3093.6293849999997,66566.13,6,0.0,Neutral,-8195.126173999999,0
2024-01-26,90.2,11773.21,5,0.2,Neutral,-8104.926173999999,0
2024-01-28,-2478.06972,18109.03,11,0.0,Neutral,-10582.995894,0
2024-01-29,486.562542,414208.18,74,0.6081081081081081,Greed,-10096.433352,1
2024-01-30,-173.65419100000003,401011.38,49,0.10204081632653061,Greed,-10270.087543,1
2024-01-31,-799.840817,6305647.13,859,0.2689173457508731,Greed,-11069.92836,1
2024-02-01,0.0,2008.18,6,0.0,Greed,-11069.92836,1
2024-02-02,456.423473,474278.43,42,0.30952380952380953,Greed,-10613.504887,1
2024-02-03,223.30918699999998,603820.0,56,0.10714285714285714,Greed,-10390.195699999998,1
2024-02-04,47.62389499999999,203187.53,35,0.2571428571428571,Greed,-10342.571804999998,1
2024-02-05,-33.45419400000003,770198.26,72,0.19444444444444445,Greed,-10376.025998999998,1
2024-02-06,-215.615907,8047153.41,1088,0.1645220588235294,Greed,-10591.641905999997,1
2024-02-07,241.24212,6758.73,15,0.13333333333333333,Greed,-10350.399785999996,1
2024-02-08,770.756024,26051.12,10,0.4,Greed,-9579.643761999996,1
2024-02-11,983.443176,212311.82,34,0.20588235294117646,Greed,-8596.200585999995,1
2024-02-12,913.8817869999998,227247.69999999998,16,0.375,Greed,-7682.318798999995,1
2024-02-13,559.44389,1999.99,14,1.0,Extreme Greed,-7122.874908999995,1
2024-02-14,3830.599833,320839.88,111,0.7477477477477478,Greed,-3292.2750759999944,1
2024-02-15,1840.797677,185188.04,63,0.9047619047619048,Greed,-1451.4773989999944,1
2024-02-16,5491.768834,564896.51,182,0.8021978021978022,Greed,4040.291435000006,1
2024-02-17,1929.6418,406118.07,94,0.648936170212766,Extreme Greed,5969.933235000006,1
2024-02-18,477.6248299999999,157048.17,97,0.6288659793814433,Greed,6447.558065000006,1
2024-02-19,4317.768563,286377.2,101,0.7623762376237624,Extreme Greed,10765.326628000006,1
2024-02-20,3263.628824,119419.72,39,0.7948717948717948,Greed,14028.955452000006,1
2024-02-21,1858.7985700000002,108047.51999999999,22,0.6818181818181818,Extreme Greed,15887.754022000006,1
2024-02-22,3894.1050699999996,373033.87,88,0.45454545454545453,Greed,19781.859092000006,1
2024-02-23,1418.55293,111106.14,143,0.958041958041958,Extreme Greed,21200.412022000008,1
2024-02-25,-30.7705,4480.13,5,0.0,Greed,21169.64152200001,1
2024-02-26,4416.8473,192187.14,39,0.8717948717948718,Greed,25586.48882200001,1
2024-02-27,888.511733,209362.3,63,0.4126984126984127,Extreme Greed,26475.00055500001,1
2024-02-28,2503.747235,171107.13,45,0.8666666666666667,Extreme Greed,28978.74779000001,1
2024-02-29,9813.996992,395666.73,116,0.8620689655172413,Extreme Greed,38792.74478200001,1
2024-03-01,8244.241409,472974.7,137,0.9343065693430657,Extreme Greed,47036.98619100001,1
2024-03-02,230.90060000000005,63197.56,31,0.6774193548387096,Extreme Greed,47267.88679100001,1
2024-03-03,8361.086245,390745.68,79,0.6835443037974683,Extreme Greed,55628.97303600001,1
2024-03-04,27799.775742,1577996.87,300,0.8866666666666667,Extreme Greed,83428.74877800001,1
2024-03-05,19791.026041,841810.32,180,0.9055555555555556,Extreme Greed,103219.77481900001,1
2024-03-06,6814.825139,327218.02,82,0.8780487804878049,Extreme Greed,110034.599958,1
2024-03-08,4271.886236,183583.18,67,0.8805970149253731,Extreme Greed,114306.48619400001,1
2024-03-09,9949.501624,658178.75,117,0.8290598290598291,Extreme Greed,124255.98781800001,1
2024-03-10,2482.9272,219973.85,42,0.6904761904761905,Extreme Greed,126738.91501800001,1
2024-03-11,3588.179495,176519.44999999998,42,0.9285714285714286,Extreme Greed,130327.09451300002,1
2024-03-12,3039.166,103040.85,8,0.875,Extreme Greed,133366.26051300002,1
2024-03-13,0.0,6000.799999999999,7,0.0,Extreme Greed,133366.26051300002,1
2024-03-14,3465.865832,205933.18,18,0.8888888888888888,Extreme Greed,136832.12634500003,1
2024-03-15,6236.513651,351894.41,62,0.6612903225806451,Extreme Greed,143068.639996,1
2024-03-16,228.57984,37223.66,8,0.125,Extreme Greed,143297.219836,1
2024-03-17,503.293955,99506.95,23,0.43478260869565216,Extreme Greed,143800.513791,1
2024-03-18,1456.9577,90458.08,19,0.3157894736842105,Extreme Greed,145257.471491,1
2024-03-19,668.797973,219884.84,24,0.20833333333333334,Extreme Greed,145926.269464,1
2024-03-20,6423.134599,215705.85,69,0.8695652173913043,Greed,152349.40406300002,1
2024-03-21,2335.5080749999997,117895.57,28,0.8214285714285714,Extreme Greed,154684.912138,1
2024-03-24,1297.018477,92592.20999999999,19,0.7894736842105263,Greed,155981.93061500002,1
2024-03-25,1302.916428,57116.32,7,0.8571428571428571,Extreme Greed,157284.84704300002,1
2024-03-26,3215.906593,198565.19,118,0.9322033898305084,Extreme Greed,160500.753636,1
2024-03-27,150.41114,99864.79,38,0.3157894736842105,Extreme Greed,160651.16477600002,1
2024-03-28,227.85100799999998,35323.72,13,0.6923076923076923,Extreme Greed,160879.01578400002,1
2024-03-29,883.097404,86914.37,15,0.4,Extreme Greed,161762.11318800002,1
2024-03-30,1100.57514,101103.92,45,0.9777777777777777,Extreme Greed,162862.68832800002,1
2024-03-31,912.786145,39912.96,13,0.7692307692307693,Extreme Greed,163775.474473,1
2024-04-01,2507.963406,339470.47,77,0.5454545454545454,Extreme Greed,166283.437879,1
2024-04-02,883.760812,239664.50999999998,41,0.2926829268292683,Extreme Greed,167167.198691,1
2024-04-03,126.7884,16887.57,4,0.25,Greed,167293.987091,1
2024-04-04,0.0,95987.73,32,0.0,Greed,167293.987091,1
2024-04-05,10706.484306,503791.8,100,0.9,Extreme Greed,178000.471397,1
2024-04-06,236.33513399999998,68223.67,16,0.25,Extreme Greed,178236.80653099998,1
2024-04-07,0.0,49988.14,23,0.0,Extreme Greed,178236.80653099998,1
2024-04-08,1218.4267,211940.64,30,0.03333333333333333,Extreme Greed,179455.233231,1
2024-04-09,0.0,57063.840000000004,3,0.0,Extreme Greed,179455.233231,1
2024-04-10,5207.443414,351735.97,41,0.8780487804878049,Extreme Greed,184662.676645,1
2024-04-11,389.743164,76400.96,16,0.125,Extreme Greed,185052.419809,1
2024-04-12,-592.6458390000001,442088.59,129,0.5503875968992248,Extreme Greed,184459.77397,1
2024-04-13,6621.451755,486411.25,89,0.6853932584269663,Greed,191081.225725,1
2024-04-14,-36104.012520000004,659162.17,107,0.308411214953271,Greed,154977.21320499998,1
2024-04-15,3774.08872,291111.19,41,0.8536585365853658,Greed,158751.30192499998,1
2024-04-16,2467.702221,181907.17,47,0.9148936170212766,Greed,161219.004146,1
2024-04-17,2441.4683999999997,97562.99,14,0.9285714285714286,Greed,163660.472546,1
2024-04-19,1946.4454620000001,337257.92000000004,35,0.7714285714285715,Greed,165606.918008,1
2024-04-20,0.0,60733.24,22,0.0,Greed,165606.918008,1
2024-04-22,0.0,47993.61,9,0.0,Greed,165606.918008,1
2024-04-23,1119.536196,233054.9,66,0.5303030303030303,Greed,166726.454204,1
2024-04-24,279.185907,141275.24,20,0.3,Greed,167005.64011100002,1
2024-04-25,0.0,120241.01,74,0.0,Greed,167005.64011100002,1
2024-04-26,0.0,4988.290000000001,3,0.0,Greed,167005.64011100002,1
2024-04-27,4281.488139,154264.47,27,0.7037037037037037,Greed,171287.12825,1
2024-04-28,0.0,43985.6,58,0.0,Greed,171287.12825,1
2024-04-29,526.9338359999999,108699.01,45,0.37777777777777777,Greed,171814.06208600002,1
2024-04-30,0.0,125018.75,24,0.0,Greed,171814.06208600002,1
2024-05-01,0.0,87025.45,14,0.0,Neutral,171814.06208600002,0
2024-05-03,5306.017045,282682.64999999997,36,0.4722222222222222,Neutral,177120.079131,0
2024-05-04,0.0,58998.75,9,0.0,Greed,177120.079131,1
2024-05-05,0.916,24068.350000000002,6,0.16666666666666666,Greed,177120.995131,1
2024-05-06,968.59038,206016.43,9,0.4444444444444444,Greed,178089.585511,1
2024-05-07,883.537693,108717.58,18,0.5,Greed,178973.123204,1
2024-05-08,1.56576,65973.57,13,0.07692307692307693,Greed,178974.688964,1
2024-05-09,1147.595856,221966.12,28,0.39285714285714285,Greed,180122.28482,1
2024-05-10,2101.741695,156882.0,22,0.2727272727272727,Greed,182224.026515,1
2024-05-11,251.604742,63248.95,9,1.0,Neutral,182475.631257,0
2024-05-12,0.0,55179.56,23,0.0,Greed,182475.631257,1
2024-05-13,2136.853859,193118.9,28,0.35714285714285715,Greed,184612.485116,1
2024-05-14,1150.5233050000002,145853.4,23,0.17391304347826086,Greed,185763.008421,1
2024-05-15,948.970582,234922.57,36,0.4722222222222222,Greed,186711.97900300001,1
2024-05-16,214.5898,162620.96,27,0.18518518518518517,Greed,186926.568803,1
2024-05-18,3522.3946610000003,126303.14,25,0.64,Greed,190448.963464,1
2024-05-19,0.0,29998.09,8,0.0,Greed,190448.963464,1
2024-05-20,-74.818442,38124.75,10,0.0,Greed,190374.145022,1
2024-05-21,7289.397571999999,1100948.59,125,0.112,Extreme Greed,197663.542594,1
2024-05-22,0.0,44995.29,6,0.0,Extreme Greed,197663.542594,1
2024-05-23,413.347329,401850.6,325,0.4461538461538462,Extreme Greed,198076.889923,1
2024-05-24,821.949278,50811.899999999994,2,1.0,Greed,198898.839201,1
2024-05-25,14.126038999999999,29991.129999999997,16,0.3125,Extreme Greed,198912.96524,1
2024-05-26,778.6839,53976.67,16,0.25,Extreme Greed,199691.64914,1
2024-05-27,1129.35587,151115.72,251,0.35856573705179284,Greed,200821.00501,1
2024-05-29,277.791953,84268.76,164,0.4146341463414634,Greed,201098.796963,1
2024-05-30,20.951433,2838.09,7,0.7142857142857143,Greed,201119.748396,1
2024-05-31,25.35812,3636.14,13,0.3076923076923077,Greed,201145.106516,1
2024-06-01,91.510419,12834.62,25,0.36,Greed,201236.616935,1
2024-06-02,192.906947,29464.51,93,0.3655913978494624,Greed,201429.523882,1
2024-06-03,562.808208,21466.86,70,0.6285714285714286,Greed,201992.33209,1
2024-06-04,52.211438,24243.41,53,0.4716981132075472,Greed,202044.543528,1
2024-06-05,56.055506,25350.77,54,0.2962962962962963,Extreme Greed,202100.599034,1
2024-06-06,274.173187,137557.76,234,0.42735042735042733,Extreme Greed,202374.77222100002,1
2024-06-07,8902.467416,1098588.76,440,0.4,Extreme Greed,211277.23963700002,1
2024-06-08,129.13883900000002,97351.88,29,0.27586206896551724,Greed,211406.378476,1
2024-06-09,0.0,22410.22,17,0.0,Extreme Greed,211406.378476,1
2024-06-10,31.266804999999998,46587.93,53,0.33962264150943394,Greed,211437.645281,1
2024-06-11,4320.631811,373279.92,123,0.13821138211382114,Greed,215758.277092,1
2024-06-12,-21886.531493,193407.96,254,0.08267716535433071,Greed,193871.74559900002,1
2024-06-13,6632.757115,132577.22,79,0.24050632911392406,Greed,200504.502714,1
2024-06-14,10258.592609,139868.66,31,0.4838709677419355,Greed,210763.095323,1
2024-06-15,3369.958346,718350.25,78,0.48717948717948717,Greed,214133.053669,1
2024-06-16,0.0,25235.079999999998,11,0.0,Greed,214133.053669,1
2024-06-17,10599.502375,368380.12,38,0.6578947368421053,Greed,224732.556044,1
2024-06-18,282.57636,263314.79,25,0.16,Greed,225015.132404,1
2024-06-19,4887.656944,417071.12,61,0.5081967213114754,Greed,229902.789348,1
2024-06-20,57478.456026,207990.8,39,0.20512820512820512,Greed,287381.245374,1
2024-06-21,773.5582039999999,176264.49,80,0.0375,Greed,288154.803578,1
2024-06-22,756.876565,169594.27000000002,24,0.3333333333333333,Neutral,288911.680143,0
2024-06-23,0.0,1792.12,5,0.0,Greed,288911.680143,1
2024-06-24,0.0,403002.8,31,0.0,Neutral,288911.680143,0
2024-06-25,4869.353105,103099.08,49,0.22448979591836735,Fear,293781.03324799996,0
2024-06-26,4197.732182,365190.66000000003,72,0.2916666666666667,Neutral,297978.76542999997,0
2024-06-27,0.0,130486.95,30,0.0,Fear,297978.76542999997,0
2024-06-29,6150.326145,280095.11,75,0.32,Fear,304129.09157499997,0
2024-06-30,0.0,30520.69,14,0.0,Neutral,304129.09157499997,0
2024-07-01,5065.839308,362670.14999999997,64,0.40625,Neutral,309194.93088299996,0
2024-07-02,2421.253116,33347.47,18,0.7222222222222222,Neutral,311616.18399899994,0
2024-07-03,1118.387284,179600.66,18,0.2222222222222222,Neutral,312734.57128299994,0
2024-07-04,0.0,430568.01,25,0.0,Fear,312734.57128299994,0
2024-07-05,0.0,272289.89,32,0.0,Fear,312734.57128299994,0
2024-07-06,108.87217799999999,2490.17,24,0.2916666666666667,Fear,312843.44346099993,0
2024-07-07,61.428942,498.75,10,1.0,Fear,312904.87240299996,0
2024-07-08,0.0,497.64,1,0.0,Fear,312904.87240299996,0
2024-07-09,648.984412,2736.45,15,1.0,Fear,313553.85681499995,0
2024-07-10,11977.734907,687900.21,56,0.6785714285714286,Fear,325531.5917219999,0
2024-07-11,1876.812082,169887.02,19,0.47368421052631576,Fear,327408.40380399994,0
2024-07-12,1412.314654,89582.97,19,0.47368421052631576,Fear,328820.71845799993,0
2024-07-13,2913.617837,139189.19,17,1.0,Fear,331734.3362949999,0
2024-07-14,0.0,84001.13,7,0.0,Fear,331734.3362949999,0
2024-07-15,-1.0,198344.85,26,0.0,Neutral,331733.3362949999,0
2024-07-16,0.0,144000.57,22,0.0,Greed,331733.3362949999,1
2024-07-17,1859.269477,626005.53,351,0.4131054131054131,Greed,333592.6057719999,1
2024-07-18,3803.884311,649704.85,60,0.8,Greed,337396.4900829999,1
2024-07-19,2155.891114,150269.42,23,0.5217391304347826,Greed,339552.3811969999,1
2024-07-20,2299.169566,244362.21,266,0.12406015037593984,Greed,341851.5507629999,1
2024-07-21,-2960.716887,234307.46,448,0.046875,Greed,338890.8338759999,1
2024-07-22,1517.119876,304213.8,154,0.14285714285714285,Greed,340407.9537519999,1
2024-07-23,89890.302206,358526.54,370,0.8891891891891892,Greed,430298.25595799985,1
2024-07-24,625.561479,69207.93,90,0.2,Greed,430923.8174369999,1
2024-07-25,916.7382600000001,528555.31,78,0.1282051282051282,Greed,431840.5556969999,1
2024-07-26,2766.513113,548587.65,152,0.40131578947368424,Greed,434607.0688099999,1
2024-07-27,6400.623656,905199.75,57,0.7368421052631579,Greed,441007.6924659999,1
2024-07-28,587.29903,43254.68,16,0.75,Greed,441594.9914959999,1
2024-07-29,330.80445399999996,327199.14,39,0.41025641025641024,Greed,441925.79594999994,1
2024-07-30,0.0,36006.47,6,0.0,Greed,441925.79594999994,1
2024-07-31,765.690884,84506.54,43,0.32558139534883723,Greed,442691.4868339999,1
2024-08-01,167.080017,227774.53,57,0.07017543859649122,Neutral,442858.5668509999,0
2024-08-02,782.3681909999999,396320.37,63,0.2698412698412698,Greed,443640.9350419999,1
2024-08-03,464.1897,290532.86,37,0.02702702702702703,Fear,444105.1247419999,0
2024-08-04,-122672.000883,1207744.07,127,0.023622047244094488,Fear,321433.1238589999,0
2024-08-05,-13013.665169,420495.4,80,0.4125,Fear,308419.45868999994,0
2024-08-06,267.318048,61478.38,107,0.12149532710280374,Extreme Fear,308686.7767379999,0
2024-08-07,188.789255,2492.77,33,0.30303030303030304,Fear,308875.56599299994,0
2024-08-08,-40.712216999999995,16299.35,9,0.0,Extreme Fear,308834.8537759999,0
2024-08-09,18082.071276,503204.86,144,0.2986111111111111,Neutral,326916.9250519999,0
2024-08-10,0.0,11339.29,88,0.0,Fear,326916.9250519999,0
2024-08-11,847.7766200000001,44230.21,24,0.16666666666666666,Fear,327764.70167199994,0
2024-08-12,858.6705000000001,54167.32,48,0.125,Fear,328623.37217199994,0
2024-08-13,212.08102,20797.87,23,0.34782608695652173,Fear,328835.4531919999,0
2024-08-14,2168.9015130000003,66710.03,25,0.2,Fear,331004.35470499995,0
2024-08-15,0.0,1522.3700000000001,12,0.0,Fear,331004.35470499995,0
2024-08-16,825.230544,166382.84,35,0.08571428571428572,Fear,331829.58524899994,0
2024-08-17,-288.283113,30248.96,30,0.0,Fear,331541.30213599995,0
2024-08-18,307.201888,62804.48,15,0.8,Fear,331848.50402399997,0
2024-08-19,339.69958299999996,100315.03,8,0.625,Fear,332188.20360699994,0
2024-08-20,192.602844,49914.8,12,0.08333333333333333,Fear,332380.8064509999,0
2024-08-21,656.200925,104990.41,145,0.3724137931034483,Fear,333037.00737599994,0
2024-08-23,1005.30527,63509.56,10,0.3,Fear,334042.31264599995,0
2024-08-24,0.0,34999.67,7,0.0,Greed,334042.31264599995,1
2024-08-25,0.0,21950.28,17,0.0,Neutral,334042.31264599995,0
2024-08-26,231.236918,92611.27,6,0.3333333333333333,Greed,334273.5495639999,1
2024-08-27,0.0,70250.16,50,0.0,Neutral,334273.5495639999,0
2024-08-28,1333.359645,71160.06999999999,9,0.2222222222222222,Fear,335606.90920899995,0
2024-08-29,0.0,9995.85,1,0.0,Fear,335606.90920899995,0
2024-08-30,256.464,37233.24,6,0.16666666666666666,Fear,335863.3732089999,0
2024-08-31,10.882801,107507.43000000001,34,0.35294117647058826,Fear,335874.25600999995,0
2024-09-01,137.433093,12359.68,12,0.4166666666666667,Fear,336011.689103,0
2024-09-02,0.0,30000.42,2,0.0,Fear,336011.689103,0
2024-09-04,1065.785132,131480.97,34,0.14705882352941177,Fear,337077.474235,0
2024-09-05,0.0,0.84,1,0.0,Fear,337077.474235,0
2024-09-06,-1104.856765,39047.1,42,0.0,Extreme Fear,335972.61747,0
2024-09-08,0.0,0.11,1,0.0,Fear,335972.61747,0
2024-09-09,0.0,4014.4300000000003,2,0.0,Fear,335972.61747,0
2024-09-10,-219.729659,2547.28,3,0.0,Fear,335752.887811,0
2024-09-11,0.0,0.54,1,0.0,Fear,335752.887811,0
2024-09-14,0.0,1014.8000000000001,11,0.0,Neutral,335752.887811,0
2024-09-18,-878.684794,13633.5,145,0.0,Neutral,334874.203017,0
2024-09-19,0.0,1521.8700000000001,19,0.0,Neutral,334874.203017,0
2024-09-20,9585.03428,332873.38,16,0.5,Neutral,344459.237297,0
2024-09-21,36165.56933,165648.12,23,1.0,Neutral,380624.806627,0
2024-09-22,0.0,19999.739999999998,3,0.0,Neutral,380624.806627,0
2024-09-23,334.760796,40334.29,2,0.5,Neutral,380959.567423,0
2024-09-24,0.0,7118.63,10,0.0,Neutral,380959.567423,0
2024-09-25,0.0,52754.130000000005,9,0.0,Greed,380959.567423,1
2024-09-26,439.812513,113711.93000000001,8,0.25,Neutral,381399.379936,0
2024-09-27,0.0,126097.04,56,0.0,Greed,381399.379936,1
2024-09-28,0.0,29199.21,4,0.0,Greed,381399.379936,1
2024-09-30,2710.626288,214669.85,106,0.04716981132075472,Greed,384110.006224,1
2024-10-01,0.0,139954.32,4,0.0,Neutral,384110.006224,0
2024-10-02,0.0,99954.34,4,0.0,Fear,384110.006224,0
2024-10-03,100.375782,132935.69,9,0.3333333333333333,Fear,384210.382006,0
2024-10-04,0.0,0.34,1,0.0,Fear,384210.382006,0
2024-10-05,5767.161892,605605.74,37,0.6486486486486487,Neutral,389977.54389800003,0
2024-10-06,130.487079,300130.56,22,0.22727272727272727,Neutral,390108.030977,0
2024-10-07,0.0,219984.65,21,0.0,Neutral,390108.030977,0
2024-10-08,5396.546638,434584.13,36,0.9166666666666666,Neutral,395504.577615,0
2024-10-09,396.06272,220399.93,14,0.21428571428571427,Neutral,395900.640335,0
2024-10-10,0.0,300024.33999999997,16,0.0,Fear,395900.640335,0
2024-10-11,8885.327477,488904.19,26,0.6923076923076923,Fear,404785.967812,0
2024-10-12,541.55471,159713.4,10,0.7,Neutral,405327.522522,0
2024-10-13,0.0,60002.42,10,0.0,Neutral,405327.522522,0
2024-10-14,1913.61958,61916.020000000004,5,1.0,Neutral,407241.142102,0
2024-10-15,1170.2260760000001,81173.36,7,0.5714285714285714,Greed,408411.36817800003,1
2024-10-16,219.480876,80229.17,11,0.2727272727272727,Greed,408630.84905400005,1
2024-10-17,36.11496,140531.75,9,0.1111111111111111,Greed,408666.964014,1
2024-10-18,333.219141,120331.43000000001,6,0.8333333333333334,Greed,409000.18315500004,1
2024-10-19,0.0,99996.86,4,0.0,Greed,409000.18315500004,1
2024-10-20,389.155797,176447.86000000002,96,0.11458333333333333,Greed,409389.338952,1
2024-10-21,2464.915564,324117.99,173,0.3930635838150289,Greed,411854.25451600004,1
2024-10-22,0.0,60000.36,3,0.0,Greed,411854.25451600004,1
2024-10-23,-46.489941,210006.07,18,0.0,Greed,411807.76457500004,1
2024-10-25,13235.862071,427883.18,30,0.7,Greed,425043.626646,1
2024-10-26,42471.99413,88668.86,6,1.0,Greed,467515.620776,1
2024-10-27,666.6623079999999,90664.41,4,0.75,Greed,468182.28308400005,1
2024-10-28,167.28016200000002,121495.25,13,0.3076923076923077,Greed,468349.56324600003,1
2024-10-29,801.170876,613267.8099999999,53,0.05660377358490566,Greed,469150.73412200005,1
2024-10-30,9.150023,11830.85,25,0.28,Extreme Greed,469159.8841450001,1
2024-10-31,1214.043811,896173.36,48,0.7083333333333334,Extreme Greed,470373.9279560001,1
2024-11-01,1040.475736,260981.03,23,0.2608695652173913,Extreme Greed,471414.4036920001,1
2024-11-02,0.0,40000.0,2,0.0,Greed,471414.4036920001,1
2024-11-03,0.0,129055.66,6,0.0,Greed,471414.4036920001,1
2024-11-04,2799.410474,451811.97,36,0.6388888888888888,Greed,474213.81416600005,1
2024-11-05,678.4759280000001,200627.23,10,0.5,Greed,474892.29009400005,1
2024-11-06,2817.83723,123906.9,15,0.4666666666666667,Greed,477710.12732400006,1
2024-11-07,4493.353136,111335.3,113,0.5309734513274337,Extreme Greed,482203.48046000005,1
2024-11-08,-64.41354100000007,270700.44,39,0.15384615384615385,Extreme Greed,482139.06691900006,1
2024-11-09,102.90894,193384.41,86,0.22093023255813954,Extreme Greed,482241.97585900006,1
2024-11-10,991.114334,413636.7,173,0.2947976878612717,Extreme Greed,483233.09019300004,1
2024-11-11,6749.630996,1570572.42,373,0.24664879356568364,Extreme Greed,489982.72118900006,1
2024-11-12,3494.399394,1226354.52,171,0.19883040935672514,Extreme Greed,493477.12058300007,1
2024-11-13,7846.402274,515336.37,48,0.5625,Extreme Greed,501323.52285700006,1
2024-11-14,4563.509225,1008361.81,110,0.2545454545454545,Extreme Greed,505887.03208200005,1
2024-11-15,4140.740438,1427858.42,149,0.3691275167785235,Extreme Greed,510027.77252000006,1
2024-11-16,2769.521909,303296.07,157,0.3057324840764331,Extreme Greed,512797.29442900006,1
2024-11-17,882.975285,1215987.57,209,0.23444976076555024,Extreme Greed,513680.26971400005,1
2024-11-18,4470.815187,2084339.58,346,0.3583815028901734,Extreme Greed,518151.084901,1
2024-11-19,2958.268991,628031.15,305,0.4918032786885246,Extreme Greed,521109.35389200004,1
2024-11-20,4210.0928969999995,1999514.1199999999,550,0.3981818181818182,Extreme Greed,525319.4467890001,1
2024-11-21,1692.430891,598300.62,535,0.308411214953271,Extreme Greed,527011.87768,1
2024-11-22,-18105.345617,1646713.62,679,0.3078055964653903,Extreme Greed,508906.532063,1
2024-11-23,2901.531638,516245.68,363,0.3526170798898072,Extreme Greed,511808.063701,1
2024-11-24,945.550386,664952.28,172,0.26744186046511625,Extreme Greed,512753.614087,1
2024-11-25,5523.740734,937410.87,255,0.4117647058823529,Extreme Greed,518277.354821,1
2024-11-26,1094.809359,1146902.44,302,0.2913907284768212,Extreme Greed,519372.16418,1
2024-11-27,-2654.495633,1444242.53,213,0.3474178403755869,Extreme Greed,516717.66854700004,1
2024-11-28,-127075.39958499999,1894225.15,332,0.32831325301204817,Extreme Greed,389642.26896200003,1
2024-11-29,176844.994152,794262.91,393,0.48854961832061067,Extreme Greed,566487.263114,1
2024-11-30,37316.69352,1732193.7,373,0.42091152815013405,Extreme Greed,603803.956634,1
2024-12-01,40886.364494,814711.82,416,0.53125,Extreme Greed,644690.3211279999,1
2024-12-02,18489.604313,585243.56,270,0.4074074074074074,Extreme Greed,663179.9254409999,1
2024-12-03,23576.539285,1084666.53,374,0.4304812834224599,Extreme Greed,686756.4647259999,1
2024-12-04,292891.815021,769287.65,319,0.46394984326018807,Extreme Greed,979648.2797469998,1
2024-12-05,71574.11848800001,1256750.79,456,0.4232456140350877,Extreme Greed,1051222.3982349997,1
2024-12-06,-92624.643895,3471019.22,403,0.23325062034739455,Greed,958597.7543399998,1
2024-12-07,85906.279067,451733.42,304,0.4309210526315789,Extreme Greed,1044504.0334069998,1
2024-12-08,15965.933436,932939.72,420,0.3619047619047619,Extreme Greed,1060469.9668429997,1
2024-12-09,6310.967676,983949.68,539,0.31910946196660483,Extreme Greed,1066780.9345189997,1
2024-12-10,39325.770231,3150424.08,1596,0.5870927318295739,Extreme Greed,1106106.7047499996,1
2024-12-11,319051.554217,2194098.33,1221,0.7125307125307125,Greed,1425158.2589669996,1
2024-12-12,599151.795008,4557189.87,1932,0.6997929606625258,Extreme Greed,2024310.0539749996,1
2024-12-13,31935.901745,2880824.64,1173,0.40153452685422,Extreme Greed,2056245.9557199995,1
2024-12-14,167801.399244,2369561.78,1235,0.47368421052631576,Extreme Greed,2224047.3549639997,1
2024-12-15,97525.315279,2583269.81,1697,0.24572775486152032,Extreme Greed,2321572.6702429997,1
2024-12-16,166774.344133,2740808.97,1055,0.5071090047393365,Extreme Greed,2488347.0143759996,1
2024-12-17,219591.305172,5233597.63,1941,0.4363730036063885,Extreme Greed,2707938.3195479997,1
2024-12-18,13682.994673,3798887.07,1429,0.36599020293911827,Extreme Greed,2721621.314221,1
2024-12-19,62744.004486000005,8241709.39,3339,0.6148547469302186,Extreme Greed,2784365.318707,1
2024-12-20,254969.660039,7681274.71,2488,0.5558681672025724,Greed,3039334.978746,1
2024-12-21,150022.163157,4382875.12,1681,0.5496728138013087,Greed,3189357.1419030004,1
2024-12-22,352197.163973,3087320.22,774,0.4354005167958656,Greed,3541554.3058760003,1
2024-12-23,-29430.626577,6771878.26,2347,0.2901576480613549,Greed,3512123.679299,1
2024-12-24,14813.780116,1767036.11,338,0.33727810650887574,Greed,3526937.4594150004,1
2024-12-25,756.6570469999998,347889.35,208,0.30288461538461536,Greed,3527694.116462,1
2024-12-26,60228.639722,2205242.65,697,0.5136298421807748,Extreme Greed,3587922.756184,1
2024-12-27,2672.811035,347913.0,260,0.4230769230769231,Greed,3590595.567219,1
2024-12-28,940.673623,281555.01,161,0.22981366459627328,Greed,3591536.2408419997,1
2024-12-29,2884.067927,344628.54,201,0.31840796019900497,Greed,3594420.3087689998,1
2024-12-30,9009.738137,1073865.73,304,0.39473684210526316,Greed,3603430.0469059995,1
2024-12-31,5445.01281,877164.62,306,0.3006535947712418,Greed,3608875.0597159998,1
2025-01-01,-9528.065345,282582.1,96,0.3020833333333333,Greed,3599346.9943709997,1
2025-01-02,8716.519087,774674.84,361,0.45706371191135736,Greed,3608063.5134579996,1
2025-01-03,6028.486793,771208.99,508,0.27165354330708663,Greed,3614092.0002509994,1
2025-01-04,2553.537968,1826029.6199999999,371,0.20215633423180593,Greed,3616645.5382189993,1
2025-01-05,3187.719363,451943.57,239,0.41841004184100417,Greed,3619833.257581999,1
2025-01-06,6064.185393,556526.99,573,0.15532286212914484,Extreme Greed,3625897.442974999,1
2025-01-07,16098.227531,1313178.1,637,0.7613814756671899,Extreme Greed,3641995.670505999,1
2025-01-08,130117.090554,3177275.18,1039,0.37151106833493747,Greed,3772112.761059999,1
2025-01-09,46975.928902,1020733.25,522,0.2777777777777778,Greed,3819088.689961999,1
2025-01-10,-10116.875552,6547449.68,819,0.5274725274725275,Neutral,3808971.814409999,0
2025-01-11,2269.080536,1658098.71,283,0.24381625441696114,Greed,3811240.894945999,1
2025-01-12,5742.241803,2258459.17,602,0.7840531561461794,Greed,3816983.1367489994,1
2025-01-13,9655.429352,2936648.0100000002,408,0.3872549019607843,Greed,3826638.5661009992,1
2025-01-14,16069.512355,876581.97,275,0.49818181818181817,Greed,3842708.078455999,1
2025-01-15,14819.5883,1801599.8900000001,267,0.4606741573033708,Greed,3857527.666755999,1
2025-01-16,20807.709328,3049692.96,371,0.3423180592991914,Extreme Greed,3878335.376083999,1
2025-01-17,7006.415608,1110230.46,238,0.5294117647058824,Extreme Greed,3885341.791691999,1
2025-01-18,443.2330819999997,2711629.88,651,0.38095238095238093,Extreme Greed,3885785.024773999,1
2025-01-19,87923.799302,9715215.3,1567,0.20229738353541799,Extreme Greed,3973708.824075999,1
2025-01-20,87277.239173,8287327.01,1315,0.5224334600760456,Extreme Greed,4060986.0632489994,1
2025-01-21,11077.839421,1523729.82,530,0.3867924528301887,Extreme Greed,4072063.9026699993,1
2025-01-22,20524.408057,1778406.43,832,0.28125,Extreme Greed,4092588.3107269993,1
2025-01-23,101256.24216,3697028.66,1218,0.6609195402298851,Extreme Greed,4193844.552886999,1
2025-01-24,10602.779738,1611433.45,874,0.5583524027459954,Extreme Greed,4204447.332624999,1
2025-01-25,-10348.016255999999,1239377.7,506,0.27865612648221344,Extreme Greed,4194099.316368999,1
2025-01-26,40823.466668,1201173.66,451,0.43458980044345896,Greed,4234922.783036999,1
2025-01-27,41331.765392,1508028.31,773,0.4760672703751617,Greed,4276254.548428999,1
2025-01-28,17979.613973,579412.17,498,0.6285140562248996,Greed,4294234.162401999,1
2025-01-29,23421.01147,1897513.41,910,0.4164835164835165,Greed,4317655.173872,1
2025-01-30,23097.471385,3014397.17,1067,0.3467666354264292,Greed,4340752.645257,1
2025-01-31,35868.296773,2783411.48,1016,0.5413385826771654,Extreme Greed,4376620.94203,1
2025-02-01,32300.205017,1363746.44,634,0.5962145110410094,Greed,4408921.147047,1
2025-02-02,162854.759623,5661092.29,1319,0.35860500379075055,Greed,4571775.90667,1
2025-02-03,348871.326269,22592901.37,2380,0.4634453781512605,Fear,4920647.232939,0
2025-02-04,416876.88812,15678409.27,2512,0.276671974522293,Greed,5337524.1210590005,1
2025-02-05,56706.235562,8743231.51,1297,0.3215111796453354,Neutral,5394230.356621001,0
2025-02-06,33803.799733,2818508.87,1703,0.46095126247798,Neutral,5428034.156354001,0
2025-02-07,22450.002091,3460263.54,1524,0.2821522309711286,Fear,5450484.158445001,0
2025-02-08,586.703253,839734.97,575,0.19130434782608696,Fear,5451070.861698001,0
2025-02-09,150551.829492,2920919.7,764,0.4306282722513089,Neutral,5601622.691190001,0
2025-02-10,63908.49465,3624958.44,889,0.4780652418447694,Fear,5665531.18584,0
2025-02-11,-6093.784817,2797544.17,848,0.21816037735849056,Neutral,5659437.4010230005,0
2025-02-12,19848.635032,4143974.54,1031,0.4626576139670223,Neutral,5679286.0360550005,0
2025-02-13,27829.534238,3199852.21,1370,0.4678832116788321,Neutral,5707115.570293001,0
2025-02-14,213860.675308,4007103.42,1655,0.42900302114803623,Neutral,5920976.245601001,0
2025-02-15,45042.92701,1712852.95,932,0.4302575107296137,Neutral,5966019.172611001,0
2025-02-16,2369.478425,806177.64,681,0.44052863436123346,Neutral,5968388.651036001,0
2025-02-17,1818.573295,2031044.64,941,0.22422954303931988,Neutral,5970207.224331001,0
2025-02-18,91204.672403,3371128.68,1676,0.5119331742243437,Neutral,6061411.896734001,0
2025-02-19,14985.794701,3263930.24,1361,0.4276267450404115,Fear,6076397.691435001,0
2025-02-20,46008.794102,4628609.29,2012,0.47912524850894633,Neutral,6122406.485537001,0
2025-02-21,119693.49395,3972159.88,1873,0.5221569674319274,Greed,6242099.979487001,1
2025-02-22,25278.704178,3175570.2,686,0.4970845481049563,Neutral,6267378.683665001,0
2025-02-23,10656.934251,1141310.74,520,0.45,Neutral,6278035.617916001,0
2025-02-24,38470.176242,11223619.59,5616,0.39672364672364674,Neutral,6316505.794158001,0
2025-02-25,204762.177034,19414984.36,6246,0.260646813960935,Fear,6521267.971192001,0
2025-02-26,63229.063129,4946958.13,1176,0.6709183673469388,Extreme Fear,6584497.034321002,0
2025-02-27,-36525.167517,1999898.43,890,0.27752808988764044,Extreme Fear,6547971.866804002,0
2025-02-28,225628.108748,4123660.77,1019,0.3886162904808636,Extreme Fear,6773599.975552002,0
2025-03-01,10596.108968,263824.13,174,0.4482758620689655,Extreme Fear,6784196.084520002,0
2025-03-02,66914.320708,6460848.74,532,0.5018796992481203,Fear,6851110.405228002,0
2025-03-03,616413.032233,8244590.38,1482,0.6153846153846154,Fear,7467523.437461002,0
2025-03-04,182075.566585,11124247.15,2402,0.25353871773522063,Extreme Fear,7649599.0040460015,0
2025-03-05,269328.365917,9193654.22,1660,0.7584337349397591,Extreme Fear,7918927.369963001,0
2025-03-06,16101.125561,6765324.96,760,0.48026315789473684,Fear,7935028.495524001,0
2025-03-07,150236.061627,19854275.48,2552,0.5223354231974922,Fear,8085264.557151001,0
2025-03-08,24700.773359,892083.51,529,0.5689981096408318,Fear,8109965.330510001,0
2025-03-09,19773.457395,10419697.99,1422,0.4409282700421941,Fear,8129738.787905001,0
2025-03-10,-10010.027269999999,16811790.68,2911,0.39745791824115423,Extreme Fear,8119728.760635001,0
2025-03-11,-76880.729036,14016952.09,3286,0.18746195982958003,Extreme Fear,8042848.031599001,0
2025-03-12,288105.984215,18618139.15,3968,0.5645161290322581,Fear,8330954.015814001,0
2025-03-13,14114.870873,3285591.22,962,0.4573804573804574,Neutral,8345068.886687,0
2025-03-14,68646.160089,8047187.16,2210,0.8538461538461538,Fear,8413715.046776,0
2025-03-15,78694.624572,2355749.54,261,0.5938697318007663,Neutral,8492409.671348,0
2025-03-16,-7910.943544999999,10187921.51,530,0.2320754716981132,Fear,8484498.727803,0
2025-03-17,26163.906513,3592895.05,920,0.4532608695652174,Fear,8510662.634316,0
2025-03-18,72322.788824,4050655.47,834,0.22541966426858512,Fear,8582985.423139999,0
2025-03-19,29374.682341,4598813.57,1612,0.4162531017369727,Fear,8612360.105480999,0
2025-03-20,10246.859436,1652257.93,771,0.4085603112840467,Neutral,8622606.964916999,0
2025-03-21,6951.270374,2543903.39,698,0.5,Fear,8629558.235290999,0
2025-03-22,12498.535254,971809.42,535,0.4747663551401869,Fear,8642056.770544998,0
2025-03-23,14047.421585,2593519.67,447,0.32662192393736017,Fear,8656104.192129998,0
2025-03-24,107878.961301,3017587.05,1027,0.6153846153846154,Neutral,8763983.153430998,0
2025-03-25,32030.90678,5372519.77,791,0.3615676359039191,Neutral,8796014.060211,0
2025-03-26,15802.167427,7597754.37,3102,0.27111540941328177,Neutral,8811816.227637999,0
2025-03-27,58825.359221,3240279.46,785,0.33375796178343947,Fear,8870641.586858999,0
2025-03-28,21337.179335,1483092.61,728,0.3173076923076923,Fear,8891978.766193999,0
2025-03-29,12098.872931,3668151.83,1894,0.3558606124604013,Fear,8904077.639124999,0
2025-03-30,15795.11514,2850874.96,568,0.16549295774647887,Fear,8919872.754265,0
2025-03-31,6978.184557,2164772.4699999997,495,0.5232323232323233,Fear,8926850.938822,0
2025-04-01,-2202.6622420000003,704445.1900000001,192,0.4583333333333333,Fear,8924648.276579998,0
2025-04-02,202212.740938,3867930.6,1076,0.8949814126394052,Fear,9126861.017517999,0
2025-04-03,-2365.961276,8670233.15,1748,0.2974828375286041,Fear,9124495.056241998,0
2025-04-04,-25515.678949999998,3835545.73,1272,0.38757861635220126,Fear,9098979.377291998,0
2025-04-05,35907.33771,1267564.22,360,0.5805555555555556,Fear,9134886.715001998,0
2025-04-06,47053.449272,3551252.06,1048,0.31679389312977096,Fear,9181940.164273998,0
2025-04-07,34527.370305,14460253.14,2814,0.23916133617626156,Extreme Fear,9216467.534578998,0
2025-04-08,34899.394798,8869391.4,943,0.4093319194061506,Extreme Fear,9251366.929376997,0
2025-04-09,43120.444797,28556806.47,3967,0.43055205444920597,Extreme Fear,9294487.374173997,0
2025-04-10,158261.822261,28741953.29,2127,0.5289139633286318,Fear,9452749.196434997,0
2025-04-11,126406.479081,11319327.07,1096,0.3357664233576642,Fear,9579155.675515996,0
2025-04-12,410419.694533,55914617.49,2109,0.2721669037458511,Fear,9989575.370048996,0
2025-04-13,48696.021521,14171154.79,1321,0.3618470855412566,Neutral,10038271.391569996,0
2025-04-14,45680.443063,13079972.98,890,0.42247191011235957,Fear,10083951.834632996,0
2025-04-15,72357.706282,20752168.24,1131,0.5720601237842617,Fear,10156309.540914996,0
2025-04-16,58631.730257,36502715.9,1608,0.3401741293532338,Fear,10214941.271171996,0
2025-04-17,5427.919886,2604551.51,1031,0.30358874878758485,Fear,10220369.191057997,0
2025-04-18,4880.4047439999995,24610650.46,1894,0.5126715945089757,Fear,10225249.595801996,0
2025-04-19,71950.577495,32706462.71,2786,0.2921751615218952,Fear,10297200.173296995,0
2025-04-20,25060.341936,12126094.05,1982,0.3985872855701312,Fear,10322260.515232995,0
2025-04-21,34369.267906999994,42104054.84,1718,0.3940628637951106,Fear,10356629.783139994,0
2025-04-22,58652.763578,33753625.24,2998,0.2961974649766511,Neutral,10415282.546717994,0
2025-04-23,-419020.225731,30682443.79,6159,0.324728040266277,Greed,9996262.320986994,1
2025-04-24,50704.395965,35088918.64,2232,0.4135304659498208,Greed,10046966.716951994,1
2025-04-25,20218.859206,27749455.78,1653,0.38596491228070173,Greed,10067185.576157995,1
2025-04-26,-4125.753942,11948127.77,1131,0.1724137931034483,Greed,10063059.822215995,1
2025-04-27,2702.067468,487537.69,337,0.3560830860534125,Greed,10065761.889683995,1
2025-04-28,36906.813759,26124921.49,1379,0.4169688179840464,Neutral,10102668.703442995,0
2025-04-29,125749.613427,34089511.66,2243,0.43201069995541685,Greed,10228418.316869995,1
2025-04-30,14003.797269,12693878.85,1113,0.26504941599281223,Greed,10242422.114138994,1
2025-05-01,54536.829297000004,10720240.52,1230,0.43089430894308944,Neutral,10296958.943435995,0
